{"cameraMode":{"drawMode":0,"name":"Shaded","section":"Shading Mode"},"sceneLighting":true,"audioPlay":false,"sceneViewState":{"m_AlwaysRefresh":false,"showFog":true,"showSkybox":true,"showFlares":true,"showImageEffects":true,"showParticleSystems":true,"showVisualEffectGraphs":true,"m_FxEnabled":true},"in2DMode":false,"pivot":{"x":371.8421936035156,"y":521.8999633789063,"z":94.67803955078125},"rotation":{"x":0.002999989315867424,"y":0.006592444609850645,"z":0.00001966714444279205,"w":-0.9999752044677734},"size":590.3606567382813,"orthographic":false}