{"cameraMode":{"drawMode":0,"name":"Shaded","section":"Shading Mode"},"sceneLighting":false,"audioPlay":false,"sceneViewState":{"m_AlwaysRefresh":false,"showFog":true,"showSkybox":false,"showFlares":true,"showImageEffects":true,"showParticleSystems":true,"showVisualEffectGraphs":true,"m_FxEnabled":true},"in2DMode":false,"pivot":{"x":63.565399169921878,"y":17.781648635864259,"z":99.9433822631836},"rotation":{"x":-0.054484836757183078,"y":0.8653342723846436,"z":-0.09644804894924164,"w":-0.48881781101226809},"size":5.371498107910156,"orthographic":false}